date,skill,model,input_tokens,output_tokens,cache_read,cache_creation
2026-05-19,mine-bean,claude-opus-4-7,19,9945,695123,51904
2026-05-19,mine-bean,claude-opus-4-7,21,9056,932777,51312
2026-05-19,mine-bean,claude-opus-4-7,510,2742,255413,19787
2026-05-19,mine-bean,claude-opus-4-7,17,4841,462609,24657
2026-05-19,heartbeat,claude-opus-4-7,11,11995,252156,38551
2026-05-19,mine-bean,claude-opus-4-7,31,6559,1027970,29017
2026-05-19,mine-bean,claude-opus-4-7,22,4471,639891,24571
2026-05-19,mine-bean,claude-opus-4-7,429,5462,572641,27769
2026-05-19,mine-bean,claude-opus-4-7,1610,3628,285564,21796
2026-05-19,mine-bean,claude-opus-4-7,17,5681,476894,28222
2026-05-19,mine-bean,claude-opus-4-7,19,6363,543338,27107
2026-05-19,mine-bean,claude-opus-4-7,18,5709,511314,26282
2026-05-19,mine-bean,claude-opus-4-7,17,4123,434675,21923
2026-05-19,mine-bean,claude-opus-4-7,17,4295,439367,26292
2026-05-19,mine-bean,claude-opus-4-7,17,3606,403799,20526
2026-05-19,mine-bean,claude-opus-4-7,22,7896,719974,33995
2026-05-19,mine-bean,claude-opus-4-7,18,5830,502514,29504
2026-05-19,mine-bean,claude-opus-4-7,14,5197,351537,52123
2026-05-19,mine-bean,claude-opus-4-7,14,5347,359502,53364
2026-05-19,mine-bean,claude-opus-4-7,4425,4351,538556,25193
2026-05-19,mine-bean,claude-opus-4-7,13,4650,338614,32132
2026-05-19,mine-bean,claude-opus-4-7,13,4152,349414,32432
2026-05-20,mine-bean,claude-opus-4-7,15,3112,353434,22928
2026-05-20,mine-bean,claude-opus-4-7,18,4712,541048,29475
2026-05-20,mine-bean,claude-opus-4-7,18,5075,477302,26301
2026-05-20,mine-bean,claude-opus-4-7,14,2957,316493,44178
2026-05-20,mine-bean,claude-opus-4-7,18,4974,463245,23553
2026-05-20,mine-bean,claude-opus-4-7,421,2806,268334,23982
2026-05-20,mine-bean,claude-opus-4-7,15,4931,372191,24624
2026-05-20,mine-bean,claude-opus-4-7,423,3241,346653,25374
2026-05-20,mine-bean,claude-opus-4-7,18,5191,504201,26174
2026-05-21,mine-bean,claude-opus-4-7,16,4099,450497,26834
2026-05-21,mine-bean,claude-opus-4-7,20,4445,517256,20185
2026-05-21,mine-bean,claude-opus-4-7,33,5916,846066,49470
2026-05-21,mine-bean,claude-opus-4-7,15,3559,360313,22822
2026-05-21,mine-bean,claude-opus-4-7,424,3621,387199,27385
2026-05-21,mine-bean,claude-opus-4-7,19,4594,535826,30529
2026-05-21,mine-bean,claude-opus-4-7,13,4071,337369,30411
2026-05-21,mine-bean,claude-opus-4-7,20,4866,619456,28636
2026-05-21,mine-bean,claude-opus-4-7,28,5704,870495,26266
2026-05-21,mine-bean,claude-opus-4-7,24,4767,701361,23673
2026-05-22,mine-bean,claude-opus-4-7,15,3744,450612,32574
2026-05-22,mine-bean,claude-opus-4-7,14,4068,383608,30232
2026-05-22,mine-bean,claude-opus-4-7,15,4335,428439,34419
2026-05-22,mine-bean,claude-opus-4-7,13,3594,344085,31119
2026-05-22,mine-bean,claude-opus-4-7,15,4125,361902,22013
2026-05-22,mine-bean,claude-opus-4-7,16,4333,430039,26579
2026-05-22,mine-bean,claude-opus-4-7,3305,4414,551297,30104
2026-05-22,mine-bean,claude-opus-4-7,17,4268,515084,30272
2026-05-22,mine-bean,claude-opus-4-7,16,4495,396921,20479
2026-05-22,mine-bean,claude-opus-4-7,20,4395,569358,28946
2026-05-23,mine-bean,claude-opus-4-7,17,3732,506952,31786
2026-05-23,mine-bean,claude-opus-4-7,17,4155,530347,30209
2026-05-23,mine-bean,claude-opus-4-7,20,5022,575197,26066
2026-05-23,mine-bean,claude-opus-4-7,15,4969,379702,25100
2026-05-23,mine-bean,claude-opus-4-7,15,3707,431383,33885
2026-05-23,mine-bean,claude-opus-4-7,3301,3601,430169,37606
2026-05-23,mine-bean,claude-opus-4-7,17,3816,463131,23833
2026-05-23,mine-bean,claude-opus-4-7,24,5206,739486,28106
2026-05-23,mine-bean,claude-opus-4-7,24,5182,689902,23007
2026-05-23,mine-bean,claude-opus-4-7,20,3719,569424,26047
2026-05-23,mine-bean,claude-opus-4-7,21,4685,581087,24192
2026-05-23,mine-bean,claude-opus-4-7,15,3691,397479,25153
2026-05-23,mine-bean,claude-opus-4-7,26,6074,608284,46596
2026-05-23,mine-bean,claude-opus-4-7,14,3049,410008,34262
2026-05-23,mine-bean,claude-opus-4-7,18,3539,527627,32222
2026-05-23,mine-bean,claude-opus-4-7,15,4583,482008,41028
2026-05-24,mine-bean,claude-opus-4-7,18,4166,469819,22557
2026-05-24,mine-bean,claude-opus-4-7,19,4222,483682,19512
2026-05-24,mine-bean,claude-opus-4-7,38,5599,1020836,41895
2026-05-24,mine-bean,claude-opus-4-7,14,3698,426143,36916
2026-05-24,mine-bean,claude-opus-4-7,17,4235,496394,27211
2026-05-24,mine-bean,claude-opus-4-7,19,4029,488505,20670
2026-05-24,mine-bean,claude-opus-4-7,20,4155,598692,31312
2026-05-24,mine-bean,claude-opus-4-7,17,4151,560644,39738
2026-05-24,mine-bean,claude-opus-4-7,16,3599,423549,23245
2026-05-24,mine-bean,claude-opus-4-7,424,3803,479998,40764
2026-05-24,mine-bean,claude-opus-4-7,426,3048,432862,21551
2026-05-24,mine-bean,claude-opus-4-7,17,4851,482066,27063
2026-05-24,mine-bean,claude-opus-4-7,421,3204,323220,37852
2026-05-24,mine-bean,claude-opus-4-7,3844,7072,588400,27402
2026-05-24,mine-bean,claude-opus-4-7,15,4220,382775,26352
2026-05-25,mine-bean,claude-opus-4-7,15,4083,354228,19593
2026-05-25,mine-bean,claude-opus-4-7,3304,3746,442511,21706
2026-05-25,mine-bean,claude-opus-4-7,25,5460,568942,46128
2026-05-25,mine-bean,claude-opus-4-7,21,5065,646483,45155
2026-05-25,mine-bean,claude-opus-4-7,14,2697,369950,39174
2026-05-25,mine-bean,claude-opus-4-7,423,3790,432590,42873
2026-05-25,mine-bean,claude-opus-4-7,19,5538,556452,26623
2026-05-25,mine-bean,claude-opus-4-7,15,4350,530398,44549
2026-05-25,mine-bean,claude-opus-4-7,16,3232,412265,21458
2026-05-25,mine-bean,claude-opus-4-7,16,5079,419841,25465
2026-05-26,mine-bean,claude-opus-4-7,20,4559,569343,24695
2026-05-26,mine-bean,claude-opus-4-7,24886,3873,632783,42786
2026-05-26,mine-bean,claude-opus-4-7,17,4814,461464,26064
2026-05-26,mine-bean,claude-opus-4-7,17,5306,439732,24285
2026-05-26,mine-bean,claude-opus-4-7,18,5082,482074,23368
2026-05-26,mine-bean,claude-opus-4-7,21,5217,624158,26030
2026-05-26,mine-bean,claude-opus-4-7,17,3410,449430,24961
2026-05-26,mine-bean,claude-opus-4-7,17,4425,481521,26168
2026-05-26,mine-bean,claude-opus-4-7,3658,5365,524303,24237
2026-05-27,mine-bean,claude-opus-4-7,18,4239,493189,22555
2026-05-27,mine-bean,claude-opus-4-7,20,4351,675156,46070
2026-05-27,mine-bean,claude-opus-4-7,24,5374,702926,25931
2026-05-27,mine-bean,claude-opus-4-7,31,6606,861657,50798
2026-05-27,mine-bean,claude-opus-4-7,21,5524,572151,22844
2026-05-27,mine-bean,claude-opus-4-7,25,5636,732909,24948
2026-05-27,mine-bean,claude-opus-4-7,27,6564,849174,27280
2026-05-27,mine-bean,claude-opus-4-7,22,4895,678323,32069
2026-05-28,mine-bean,claude-opus-4-7,21,4624,644329,29703
2026-05-28,mine-bean,claude-opus-4-7,25,5816,738905,27069
2026-05-28,mine-bean,claude-opus-4-7,16,4297,383362,20178
2026-05-28,mine-bean,claude-opus-4-7,26,5954,753964,24453
2026-05-28,mine-bean,claude-haiku-4-5-20251001,114,4339,758711,37334
2026-05-28,mine-bean,claude-haiku-4-5-20251001,93,2286,542661,40494
2026-05-28,heartbeat,claude-opus-4-7,21,6069,848827,36950
2026-05-28,mine-bean,claude-haiku-4-5-20251001,100,5035,627179,42082
2026-05-29,mine-bean,claude-haiku-4-5-20251001,93,5831,744136,42300
2026-05-29,mine-bean,claude-haiku-4-5-20251001,9,289,29821,57039
2026-05-29,heartbeat,claude-opus-4-7,594,5274,797326,36977
2026-05-29,mine-bean,claude-haiku-4-5-20251001,72,1776,538286,33352
2026-05-29,heartbeat,claude-opus-4-7,12,4649,377788,33417
2026-05-29,mine-bean,claude-haiku-4-5-20251001,135,5830,1018631,40794
2026-05-29,mine-bean,claude-haiku-4-5-20251001,107,5648,724437,47257
2026-05-29,mine-bean,claude-haiku-4-5-20251001,9,287,83815,322
2026-05-29,mine-bean,claude-haiku-4-5-20251001,86,2686,552028,36097
2026-05-30,mine-bean,claude-haiku-4-5-20251001,58,1882,310981,12960
2026-05-30,mine-bean,claude-haiku-4-5-20251001,100,3492,609825,71912
2026-05-30,mine-bean,claude-haiku-4-5-20251001,128,4717,912942,44205
2026-05-30,mine-bean,claude-haiku-4-5-20251001,58,1781,309463,11413
2026-05-30,mine-bean,claude-haiku-4-5-20251001,37,1017,187074,10171
2026-05-30,mine-bean,claude-haiku-4-5-20251001,114,5440,747452,45306
2026-05-30,mine-bean,claude-haiku-4-5-20251001,72,4542,467394,43942
2026-05-30,mine-bean,claude-haiku-4-5-20251001,107,3258,818086,66650
2026-05-30,mine-bean,claude-haiku-4-5-20251001,191,6438,1229186,87322
2026-05-30,mine-bean,claude-haiku-4-5-20251001,86,4320,494740,73208
2026-05-30,mine-bean,claude-haiku-4-5-20251001,100,2593,577323,65811
2026-05-30,mine-bean,claude-haiku-4-5-20251001,107,4439,660151,44425
2026-05-30,mine-bean,claude-haiku-4-5-20251001,107,5193,681675,45695
2026-05-30,mine-bean,claude-haiku-4-5-20251001,86,2932,477294,74648
2026-05-30,mine-bean,claude-haiku-4-5-20251001,30,596,116804,39835
2026-05-31,mine-bean,claude-haiku-4-5-20251001,51,1524,267089,32961
2026-05-31,mine-bean,claude-haiku-4-5-20251001,30,1264,146905,9855
2026-05-31,heartbeat,claude-opus-4-7,20,4513,767008,33627
2026-05-31,mine-bean,claude-haiku-4-5-20251001,30,607,146811,9792
2026-05-31,mine-bean,claude-haiku-4-5-20251001,37,1258,186571,10174
2026-05-31,mine-bean,claude-haiku-4-5-20251001,121,5910,886867,49977
2026-05-31,mine-bean,claude-haiku-4-5-20251001,44,1198,229107,11248
2026-05-31,mine-bean,claude-haiku-4-5-20251001,93,2488,514962,12659
2026-05-31,mine-bean,claude-haiku-4-5-20251001,79,2475,443365,15869
2026-05-31,mine-bean,claude-haiku-4-5-20251001,114,6681,737014,48139
2026-05-31,heartbeat,claude-opus-4-7,11,6218,327010,39592
2026-05-31,mine-bean,claude-haiku-4-5-20251001,30,735,146758,9791
2026-05-31,mine-bean,claude-haiku-4-5-20251001,1964,4471,1063102,44898
2026-05-31,mine-bean,claude-haiku-4-5-20251001,65,1936,355755,12442
2026-06-01,mine-bean,claude-haiku-4-5-20251001,44,1125,229792,11244
2026-06-01,mine-bean,claude-haiku-4-5-20251001,37,1007,228392,30718
2026-06-01,mine-bean,claude-haiku-4-5-20251001,9,98,29998,43804
2026-06-01,mine-bean,claude-haiku-4-5-20251001,114,4796,732463,48706
2026-06-01,mine-bean,claude-haiku-4-5-20251001,9,73,72493,248
2026-06-01,mine-bean,claude-haiku-4-5-20251001,107,7407,751414,49934
2026-06-02,mine-bean,claude-haiku-4-5-20251001,58,1879,373120,32353
2026-06-02,mine-bean,claude-haiku-4-5-20251001,114,3802,666606,19108
2026-06-02,mine-bean,claude-haiku-4-5-20251001,100,3963,676995,35814
2026-06-02,mine-bean,claude-haiku-4-5-20251001,93,6309,984515,9019
2026-06-02,mine-bean,claude-haiku-4-5-20251001,72,2098,399866,14674
2026-06-02,heartbeat,claude-opus-4-7,12,3965,344858,30705
2026-06-02,mine-bean,claude-haiku-4-5-20251001,72,2126,391883,32765
2026-06-03,mine-bean,claude-haiku-4-5-20251001,93,3267,557100,34922
2026-06-03,mine-bean,claude-haiku-4-5-20251001,65,1827,354262,12197
2026-06-03,mine-bean,claude-haiku-4-5-20251001,107,5145,788302,47824
2026-06-03,mine-bean,claude-haiku-4-5-20251001,100,2467,576200,15847
2026-06-03,heartbeat,claude-opus-4-7,13,5377,398402,28359
2026-06-03,mine-bean,claude-haiku-4-5-20251001,65,1739,254803,14139
2026-06-04,mine-bean,claude-haiku-4-5-20251001,30,962,103313,9978
2026-06-04,mine-bean,claude-haiku-4-5-20251001,72,4263,560400,36925
2026-06-04,mine-bean,claude-haiku-4-5-20251001,30,856,103393,10024
2026-06-04,mine-bean,claude-haiku-4-5-20251001,86,2119,350051,15340
2026-06-04,mine-bean,claude-haiku-4-5-20251001,142,6872,687271,71619
2026-06-04,mine-bean,claude-haiku-4-5-20251001,37,1007,172913,30438
2026-06-04,heartbeat,claude-opus-4-7,11,6463,316102,33347
2026-06-04,mine-bean,claude-haiku-4-5-20251001,107,2806,457103,16054
2026-06-04,mine-bean,claude-haiku-4-5-20251001,65,2216,259778,14442
2026-06-05,mine-bean,claude-haiku-4-5-20251001,37,1261,134155,10904
2026-06-05,mine-bean,claude-haiku-4-5-20251001,58,1639,228920,14376
2026-06-05,mine-bean,claude-haiku-4-5-20251001,37,1122,132918,10235
2026-06-05,heartbeat,claude-opus-4-7,12,5759,359793,33569
2026-06-05,mine-bean,claude-haiku-4-5-20251001,65,1933,256943,13913
2026-06-05,mine-bean,claude-haiku-4-5-20251001,100,4862,508414,49451
2026-06-05,mine-bean,claude-haiku-4-5-20251001,165,6383,1037993,49975
2026-06-05,mine-bean,claude-haiku-4-5-20251001,44,1123,164810,11538
2026-06-05,mine-bean,claude-haiku-4-5-20251001,86,2135,439093,35574
2026-06-06,mine-bean,claude-haiku-4-5-20251001,93,3533,402114,68956
2026-06-06,mine-bean,claude-haiku-4-5-20251001,58,1584,208543,31520
2026-06-06,mine-bean,claude-haiku-4-5-20251001,114,6853,574467,53559
2026-06-06,mine-bean,claude-haiku-4-5-20251001,142,6105,775509,54607
2026-06-06,mine-bean,claude-haiku-4-5-20251001,86,3257,359950,16061
2026-06-06,mine-bean,claude-haiku-4-5-20251001,79,6732,419827,50777
2026-06-06,heartbeat,claude-opus-4-7,11,3806,305155,31609
2026-06-06,mine-bean,claude-haiku-4-5-20251001,30,907,103832,10103
2026-06-06,mine-bean,claude-haiku-4-5-20251001,30,874,103807,10058
2026-06-06,mine-bean,claude-haiku-4-5-20251001,121,6270,633406,39019
2026-06-06,mine-bean,claude-haiku-4-5-20251001,51,1124,192123,10959
2026-06-06,heartbeat,claude-opus-4-7,25,8971,1066635,37407
2026-06-06,mine-bean,claude-haiku-4-5-20251001,190,5147,941577,29773
2026-06-06,mine-bean,claude-haiku-4-5-20251001,72,1846,376744,34527
2026-06-07,mine-bean,claude-haiku-4-5-20251001,170,6692,1037299,43963
2026-06-07,mine-bean,claude-haiku-4-5-20251001,51,1419,195161,11697
2026-06-07,heartbeat,claude-opus-4-7,11,5619,319034,33537
2026-06-07,mine-bean,claude-haiku-4-5-20251001,44,1312,164774,11660
2026-06-07,mine-bean,claude-haiku-4-5-20251001,135,5188,686423,53363
2026-06-07,mine-bean,claude-haiku-4-5-20251001,86,4718,414593,37150
2026-06-07,mine-bean,claude-haiku-4-5-20251001,114,3105,514223,19789
2026-06-07,mine-bean,claude-haiku-4-5-20251001,79,2427,341941,34750
2026-06-07,mine-bean,claude-haiku-4-5-20251001,51,1151,192359,10952
2026-06-07,mine-bean,claude-haiku-4-5-20251001,144,6847,768974,56127
2026-06-07,mine-bean,claude-haiku-4-5-20251001,93,3291,388567,14959
2026-06-07,mine-bean,claude-haiku-4-5-20251001,149,5784,785631,54065
2026-06-08,mine-bean,claude-haiku-4-5-20251001,72,1574,289617,14715
2026-06-08,mine-bean,claude-haiku-4-5-20251001,72,2117,293585,15385
2026-06-08,heartbeat,claude-opus-4-7,23,4511,953013,34737
2026-06-08,mine-bean,claude-haiku-4-5-20251001,172,8526,1000224,53081
2026-06-08,mine-bean,claude-haiku-4-5-20251001,30,847,103912,10162
2026-06-08,mine-bean,claude-haiku-4-5-20251001,30,1180,104033,10266
2026-06-08,heartbeat,claude-opus-4-7,18,5435,660538,34767
2026-06-08,mine-bean,claude-haiku-4-5-20251001,238,8645,1050553,62256
2026-06-09,mine-bean,claude-haiku-4-5-20251001,9,92,75228,635
2026-06-09,mine-bean,claude-haiku-4-5-20251001,93,2891,415720,50917
2026-06-09,heartbeat,claude-opus-4-7,18,5372,673183,35582
2026-06-09,mine-bean,claude-haiku-4-5-20251001,121,3600,582174,37158
2026-06-09,mine-bean,claude-haiku-4-5-20251001,158,6975,765881,48098
2026-06-09,mine-bean,claude-haiku-4-5-20251001,142,6396,784579,57170
2026-06-09,mine-bean,claude-haiku-4-5-20251001,79,1734,351784,53916
2026-06-09,heartbeat,claude-opus-4-7,12,5366,364720,35014
2026-06-09,mine-bean,claude-haiku-4-5-20251001,114,3428,675886,47266
2026-06-10,mine-bean,claude-haiku-4-5-20251001,30,669,103936,10100
2026-06-10,mine-bean,claude-haiku-4-5-20251001,100,2405,470553,50761
2026-06-10,heartbeat,claude-opus-4-7,11,3729,323623,33703
2026-06-10,mine-bean,claude-haiku-4-5-20251001,58,1708,226517,12057
2026-06-10,mine-bean,claude-haiku-4-5-20251001,93,2754,429123,34887
2026-06-10,heartbeat,claude-opus-4-7,11,4671,320317,33123
2026-06-10,mine-bean,claude-haiku-4-5-20251001,156,7264,793980,43437
2026-06-11,mine-bean,claude-haiku-4-5-20251001,51,1388,254938,31621
2026-06-11,mine-bean,claude-haiku-4-5-20251001,72,2154,289773,14591
2026-06-11,mine-bean,claude-haiku-4-5-20251001,156,5469,1298797,54703
2026-06-11,mine-bean,claude-haiku-4-5-20251001,79,2263,316545,13228
2026-06-11,mine-bean,claude-haiku-4-5-20251001,123,3582,560853,35996
2026-06-11,mine-bean,claude-haiku-4-5-20251001,86,2625,358381,16017
2026-06-11,mine-bean,claude-haiku-4-5-20251001,58,1434,225548,11838
2026-06-11,mine-bean,claude-haiku-4-5-20251001,163,7387,979405,43393
2026-06-12,mine-bean,claude-haiku-4-5-20251001,86,2174,349657,14884
2026-06-12,mine-bean,claude-haiku-4-5-20251001,65,1375,253881,11553
2026-06-12,mine-bean,claude-haiku-4-5-20251001,149,8215,822786,44475
2026-06-12,mine-bean,claude-haiku-4-5-20251001,191,6019,1561272,59362
2026-06-12,mine-bean,claude-haiku-4-5-20251001,86,2798,375024,18114
2026-06-12,heartbeat,claude-opus-4-7,12,5059,374449,33422
2026-06-12,mine-bean,claude-haiku-4-5-20251001,79,2596,313231,35133
2026-06-12,mine-bean,claude-haiku-4-5-20251001,58,1479,204581,30710
2026-06-13,mine-bean,claude-haiku-4-5-20251001,79,2086,303920,33192
2026-06-13,mine-bean,claude-haiku-4-5-20251001,44,1496,165494,11649
2026-06-13,heartbeat,claude-opus-4-7,11,4969,328688,33579
2026-06-13,mine-bean,claude-haiku-4-5-20251001,135,6470,693899,73570
2026-06-13,mine-bean,claude-haiku-4-5-20251001,212,7798,1401705,46903
2026-06-13,heartbeat,claude-opus-4-7,18,3713,644039,31627
2026-06-13,mine-bean,claude-haiku-4-5-20251001,149,6223,764119,56515
2026-06-13,mine-bean,claude-haiku-4-5-20251001,93,2142,390130,15882
2026-06-13,mine-bean,claude-haiku-4-5-20251001,93,2300,393783,15402
2026-06-13,heartbeat,claude-opus-4-7,11,5537,322745,34361
2026-06-13,mine-bean,claude-haiku-4-5-20251001,30,1235,104139,10253
2026-06-13,mine-bean,claude-haiku-4-5-20251001,44,1205,223995,30861
2026-06-14,mine-bean,claude-haiku-4-5-20251001,72,2025,268879,33398
2026-06-14,mine-bean,claude-haiku-4-5-20251001,72,4165,326165,71102
2026-06-14,mine-bean,claude-haiku-4-5-20251001,100,2747,452839,71328
2026-06-14,mine-bean,claude-haiku-4-5-20251001,72,2057,269100,33705
2026-06-14,heartbeat,claude-opus-4-7,12,4672,382414,33990
2026-06-14,mine-bean,claude-haiku-4-5-20251001,72,1812,307467,33881
2026-06-14,mine-bean,claude-haiku-4-5-20251001,100,2592,412264,13860
2026-06-14,mine-bean,claude-haiku-4-5-20251001,30,1075,104085,10171
2026-06-14,heartbeat,claude-opus-4-7,11,4356,319512,32538
2026-06-14,mine-bean,claude-haiku-4-5-20251001,107,2538,464249,17215
2026-06-14,mine-bean,claude-haiku-4-5-20251001,58,1970,234442,13552
2026-06-15,mine-bean,claude-haiku-4-5-20251001,100,4711,506005,54696
2026-06-15,mine-bean,claude-haiku-4-5-20251001,30,862,84980,29246
2026-06-15,mine-bean,claude-haiku-4-5-20251001,58,2192,244259,32560
2026-06-15,mine-bean,claude-haiku-4-5-20251001,65,1632,253929,13399
2026-06-15,heartbeat,claude-opus-4-7,12,5007,380882,33700
2026-06-15,mine-bean,claude-haiku-4-5-20251001,51,1370,193713,11145
2026-06-16,mine-bean,claude-haiku-4-5-20251001,72,2163,286986,13273
2026-06-16,mine-bean,claude-haiku-4-5-20251001,79,2620,345131,35366
2026-06-16,mine-bean,claude-haiku-4-5-20251001,212,9527,1676288,56041
2026-06-16,mine-bean,claude-haiku-4-5-20251001,30,761,104422,10487
2026-06-16,heartbeat,claude-opus-4-7,421,5013,308435,32180
2026-06-16,mine-bean,claude-haiku-4-5-20251001,30,746,104547,10574
2026-06-17,mine-bean,claude-haiku-4-5-20251001,114,5354,630656,46218
2026-06-17,mine-bean,claude-haiku-4-5-20251001,200,9467,1195138,67170
2026-06-17,mine-bean,claude-haiku-4-5-20251001,44,1220,166206,12025
2026-06-17,mine-bean,claude-haiku-4-5-20251001,37,916,133866,10792
2026-06-17,mine-bean,claude-haiku-4-5-20251001,79,2305,328336,17406
2026-06-17,mine-bean,claude-haiku-4-5-20251001,51,1589,197090,12168
2026-06-17,mine-bean,claude-haiku-4-5-20251001,121,5812,699256,42277
2026-06-17,mine-bean,claude-haiku-4-5-20251001,30,974,104670,10675
2026-06-18,mine-bean,claude-haiku-4-5-20251001,58,1367,223576,11440
2026-06-18,mine-bean,claude-haiku-4-5-20251001,86,2487,366375,16710
2026-06-18,mine-bean,claude-haiku-4-5-20251001,170,5777,1054324,47755
2026-06-18,heartbeat,claude-opus-4-7,13,5171,436883,33784
2026-06-18,mine-bean,claude-haiku-4-5-20251001,79,2511,321697,15219
2026-06-18,mine-bean,claude-haiku-4-5-20251001,51,1345,193718,11585
2026-06-18,mine-bean,claude-haiku-4-5-20251001,149,6611,961754,48509
2026-06-19,mine-bean,claude-haiku-4-5-20251001,107,2139,454148,15490
2026-06-19,mine-bean,claude-haiku-4-5-20251001,44,1364,163710,11282
2026-06-19,heartbeat,claude-opus-4-7,585,4595,322429,33290
2026-06-19,mine-bean,claude-haiku-4-5-20251001,114,2819,491363,16742
2026-06-19,mine-bean,claude-haiku-4-5-20251001,93,2992,436231,36707
2026-06-19,mine-bean,claude-haiku-4-5-20251001,58,1420,227247,12189
2026-06-19,heartbeat,claude-opus-4-7,18,4418,640686,31943
2026-06-19,mine-bean,claude-haiku-4-5-20251001,100,4557,547142,36756
2026-06-19,mine-bean,claude-haiku-4-5-20251001,51,1383,196126,11912
2026-06-19,mine-bean,claude-haiku-4-5-20251001,100,5266,486127,55748
2026-06-20,mine-bean,claude-haiku-4-5-20251001,79,5180,426410,55714
2026-06-20,mine-bean,claude-haiku-4-5-20251001,233,8966,1002703,56441
2026-06-20,heartbeat,claude-opus-4-7,354,4687,491960,33423
2026-06-20,mine-bean,claude-haiku-4-5-20251001,65,1820,254445,12485
2026-06-20,mine-bean,claude-haiku-4-5-20251001,58,1546,224161,11678
2026-06-20,heartbeat,claude-opus-4-7,10,5202,263994,33123
2026-06-20,mine-bean,claude-haiku-4-5-20251001,37,993,136728,11951
2026-06-20,mine-bean,claude-haiku-4-5-20251001,58,1890,225755,12759
2026-06-20,mine-bean,claude-haiku-4-5-20251001,58,1697,228543,12486
2026-06-20,heartbeat,claude-opus-4-7,587,7293,441444,37820
2026-06-20,mine-bean,claude-haiku-4-5-20251001,114,2883,503690,36100
2026-06-20,mine-bean,claude-haiku-4-5-20251001,123,6424,619504,61672
2026-06-21,mine-bean,claude-haiku-4-5-20251001,100,2413,426056,16277
2026-06-21,heartbeat,claude-opus-4-7,11,5592,323707,34620
2026-06-21,mine-bean,claude-haiku-4-5-20251001,72,1988,290427,15301
2026-06-21,mine-bean,claude-haiku-4-5-20251001,30,1134,104426,10523
2026-06-21,mine-bean,claude-haiku-4-5-20251001,163,6881,932188,42242
2026-06-21,mine-bean,claude-haiku-4-5-20251001,137,7662,691069,43098
2026-06-21,mine-bean,claude-haiku-4-5-20251001,142,4495,872407,47000
2026-06-21,heartbeat,claude-opus-4-7,16,4014,542479,32765
2026-06-21,mine-bean,claude-haiku-4-5-20251001,363,15263,2797215,60801
2026-06-21,mine-bean,claude-haiku-4-5-20251001,100,5188,487765,69817
2026-06-22,mine-bean,claude-haiku-4-5-20251001,114,3180,495273,19368
2026-06-22,mine-bean,claude-haiku-4-5-20251001,79,2036,322011,12946
2026-06-22,mine-bean,claude-haiku-4-5-20251001,30,686,141227,1693
2026-06-22,mine-bean,claude-haiku-4-5-20251001,93,5615,500354,41834
2026-06-22,mine-bean,claude-haiku-4-5-20251001,51,1158,194711,13219
